DELETE FROM `item_stock`;
DELETE FROM `item`;
DELETE FROM `type_brand`;
DELETE FROM `type`;
DELETE FROM `brand`;



INSERT INTO `type` (`id`, `name`, `created_at`, `updated_at`) VALUES
                                                                  (1, '노트북', NOW(), NOW()),
                                                                  (2, '냉장고', NOW(), NOW()),
                                                                  (3, '스마트폰', NOW(), NOW()),
                                                                  (4, '태블릿 PC', NOW(), NOW()),
                                                                  (5, '카메라', NOW(), NOW());

INSERT INTO `brand` (`id`, `name` , `created_at`, `updated_at`) VALUES
                                                                    (1, '삼성', NOW(), NOW()),
                                                                    (2, 'LG', NOW(), NOW()),
                                                                    (3, '애플', NOW(), NOW()),
                                                                    (4, '소니', NOW(), NOW()),
                                                                    (5, '레노버', NOW(), NOW()),
                                                                    (6, '샤오미', NOW(), NOW()),
                                                                    (7, '캐논', NOW(), NOW()),
                                                                    (8, '니콘', NOW(), NOW()),
                                                                    (9, 'MSI', NOW(), NOW()),
                                                                    (10, 'ASUS', NOW(), NOW());

INSERT INTO `type_brand` (`id`, `type_id`, `brand_id`, `created_at`, `updated_at`) VALUES
                                                                                       (1, 1, 5, NOW(), NOW()),
                                                                                       (2, 1, 4, NOW(), NOW()),
                                                                                       (3, 1, 3, NOW(), NOW()),
                                                                                       (4, 1, 8, NOW(), NOW()),
                                                                                       (5, 1, 7, NOW(), NOW()),
                                                                                       (6, 1, 2, NOW(), NOW()),
                                                                                       (7, 1, 6, NOW(), NOW()),
                                                                                       (8, 1, 1, NOW(), NOW()),
                                                                                       (9, 1, 9, NOW(), NOW()),
                                                                                       (10, 2, 10, NOW(), NOW()),
                                                                                       (11, 2, 8, NOW(), NOW()),
                                                                                       (12, 2, 6, NOW(), NOW()),
                                                                                       (13, 2, 3, NOW(), NOW()),
                                                                                       (14, 2, 7, NOW(), NOW()),
                                                                                       (15, 2, 1, NOW(), NOW()),
                                                                                       (16, 2, 2, NOW(), NOW()),
                                                                                       (17, 2, 9, NOW(), NOW()),
                                                                                       (18, 2, 4, NOW(), NOW()),
                                                                                       (19, 3, 4, NOW(), NOW()),
                                                                                       (20, 3, 3, NOW(), NOW()),
                                                                                       (21, 3, 8, NOW(), NOW()),
                                                                                       (22, 3, 9, NOW(), NOW()),
                                                                                       (23, 3, 1, NOW(), NOW()),
                                                                                       (24, 3, 6, NOW(), NOW()),
                                                                                       (25, 3, 5, NOW(), NOW()),
                                                                                       (26, 3, 2, NOW(), NOW()),
                                                                                       (27, 4, 4, NOW(), NOW()),
                                                                                       (28, 4, 7, NOW(), NOW()),
                                                                                       (29, 4, 10, NOW(), NOW()),
                                                                                       (30, 4, 9, NOW(), NOW()),
                                                                                       (31, 4, 5, NOW(), NOW()),
                                                                                       (32, 4, 6, NOW(), NOW()),
                                                                                       (33, 4, 3, NOW(), NOW()),
                                                                                       (34, 5, 4, NOW(), NOW()),
                                                                                       (35, 5, 7, NOW(), NOW()),
                                                                                       (36, 5, 9, NOW(), NOW()),
                                                                                       (37, 5, 2, NOW(), NOW()),
                                                                                       (38, 5, 3, NOW(), NOW()),
                                                                                       (39, 5, 5, NOW(), NOW()),
                                                                                       (40, 5, 1, NOW(), NOW()),
                                                                                       (41, 5, 10, NOW(), NOW()),
                                                                                       (42, 5, 8, NOW(), NOW()),
                                                                                       (43, 5, 6, NOW(), NOW());

INSERT INTO `item` (`id`, `type_brand_id`, `name`, `image_url`, `price`, `item_status`, `created_at`, `updated_at`) VALUES
                                                                                                                        (1, 1, 'Item 1', 'https://i.postimg.cc/placeholder/image1.jpg', 10000, 1, NOW(), NOW()),
                                                                                                                        (2, 2, 'Item 2', 'https://i.postimg.cc/placeholder/image2.jpg', 10000, 1, NOW(), NOW()),
                                                                                                                        (3, 2, 'Item 3', 'https://i.postimg.cc/placeholder/image3.jpg', 10000, 1, NOW(), NOW()),
                                                                                                                        (4, 3, 'Item 4', 'https://i.postimg.cc/placeholder/image4.jpg', 10000, 1, NOW(), NOW()),
                                                                                                                        (5, 4, 'Item 5', 'https://i.postimg.cc/placeholder/image5.jpg', 10000, 1, NOW(), NOW()),
                                                                                                                        (6, 5, 'Item 6', 'https://i.postimg.cc/placeholder/image6.jpg', 10000, 1, NOW(), NOW()),
                                                                                                                        (7, 4, 'Item 7', 'https://i.postimg.cc/placeholder/image7.jpg', 10000, 1, NOW(), NOW()),
                                                                                                                        (8, 6, 'Item 8', 'https://i.postimg.cc/placeholder/image8.jpg', 10000, 1, NOW(), NOW()),
                                                                                                                        (9, 7, 'Item 9', 'https://i.postimg.cc/placeholder/image9.jpg', 10000, 1, NOW(), NOW()),
                                                                                                                        (10, 4, 'Item 10', 'https://i.postimg.cc/placeholder/image10.jpg', 10000, 1, NOW(), NOW()),
                                                                                                                        (11, 4, 'Item 11', 'https://i.postimg.cc/placeholder/image11.jpg', 10000, 1, NOW(), NOW()),
                                                                                                                        (12, 3, 'Item 12', 'https://i.postimg.cc/placeholder/image12.jpg', 10000, 1, NOW(), NOW()),
                                                                                                                        (13, 6, 'Item 13', 'https://i.postimg.cc/placeholder/image13.jpg', 10000, 1, NOW(), NOW()),
                                                                                                                        (14, 8, 'Item 14', 'https://i.postimg.cc/placeholder/image14.jpg', 10000, 1, NOW(), NOW()),
                                                                                                                        (15, 8, 'Item 15', 'https://i.postimg.cc/placeholder/image15.jpg', 10000, 1, NOW(), NOW()),
                                                                                                                        (16, 4, 'Item 16', 'https://i.postimg.cc/placeholder/image16.jpg', 10000, 1, NOW(), NOW()),
                                                                                                                        (17, 6, 'Item 17', 'https://i.postimg.cc/placeholder/image17.jpg', 10000, 1, NOW(), NOW()),
                                                                                                                        (18, 8, 'Item 18', 'https://i.postimg.cc/placeholder/image18.jpg', 10000, 1, NOW(), NOW()),
                                                                                                                        (19, 3, 'Item 19', 'https://i.postimg.cc/placeholder/image19.jpg', 10000, 1, NOW(), NOW()),
                                                                                                                        (20, 2, 'Item 20', 'https://i.postimg.cc/placeholder/image20.jpg', 10000, 1, NOW(), NOW()),
                                                                                                                        (21, 4, 'Item 21', 'https://i.postimg.cc/placeholder/image21.jpg', 10000, 1, NOW(), NOW()),
                                                                                                                        (22, 4, 'Item 22', 'https://i.postimg.cc/placeholder/image22.jpg', 10000, 1, NOW(), NOW()),
                                                                                                                        (23, 4, 'Item 23', 'https://i.postimg.cc/placeholder/image23.jpg', 10000, 1, NOW(), NOW()),
                                                                                                                        (24, 9, 'Item 24', 'https://i.postimg.cc/placeholder/image24.jpg', 10000, 1, NOW(), NOW()),
                                                                                                                        (25, 6, 'Item 25', 'https://i.postimg.cc/placeholder/image25.jpg', 10000, 1, NOW(), NOW()),
                                                                                                                        (26, 7, 'Item 26', 'https://i.postimg.cc/placeholder/image26.jpg', 10000, 1, NOW(), NOW()),
                                                                                                                        (27, 10, 'Item 27', 'https://i.postimg.cc/placeholder/image27.jpg', 10000, 1, NOW(), NOW()),
                                                                                                                        (28, 11, 'Item 28', 'https://i.postimg.cc/placeholder/image28.jpg', 10000, 1, NOW(), NOW()),
                                                                                                                        (29, 12, 'Item 29', 'https://i.postimg.cc/placeholder/image29.jpg', 10000, 1, NOW(), NOW()),
                                                                                                                        (30, 13, 'Item 30', 'https://i.postimg.cc/placeholder/image30.jpg', 10000, 1, NOW(), NOW()),
                                                                                                                        (31, 14, 'Item 31', 'https://i.postimg.cc/placeholder/image31.jpg', 10000, 1, NOW(), NOW()),
                                                                                                                        (32, 14, 'Item 32', 'https://i.postimg.cc/placeholder/image32.jpg', 10000, 1, NOW(), NOW()),
                                                                                                                        (33, 15, 'Item 33', 'https://i.postimg.cc/placeholder/image33.jpg', 10000, 1, NOW(), NOW()),
                                                                                                                        (34, 16, 'Item 34', 'https://i.postimg.cc/placeholder/image34.jpg', 10000, 1, NOW(), NOW()),
                                                                                                                        (35, 12, 'Item 35', 'https://i.postimg.cc/placeholder/image35.jpg', 10000, 1, NOW(), NOW()),
                                                                                                                        (36, 17, 'Item 36', 'https://i.postimg.cc/placeholder/image36.jpg', 10000, 1, NOW(), NOW()),
                                                                                                                        (37, 15, 'Item 37', 'https://i.postimg.cc/placeholder/image37.jpg', 10000, 1, NOW(), NOW()),
                                                                                                                        (38, 16, 'Item 38', 'https://i.postimg.cc/placeholder/image38.jpg', 10000, 1, NOW(), NOW()),
                                                                                                                        (39, 14, 'Item 39', 'https://i.postimg.cc/placeholder/image39.jpg', 10000, 1, NOW(), NOW()),
                                                                                                                        (40, 11, 'Item 40', 'https://i.postimg.cc/placeholder/image40.jpg', 10000, 1, NOW(), NOW()),
                                                                                                                        (41, 16, 'Item 41', 'https://i.postimg.cc/placeholder/image41.jpg', 10000, 1, NOW(), NOW()),
                                                                                                                        (42, 13, 'Item 42', 'https://i.postimg.cc/placeholder/image42.jpg', 10000, 1, NOW(), NOW()),
                                                                                                                        (43, 18, 'Item 43', 'https://i.postimg.cc/placeholder/image43.jpg', 10000, 1, NOW(), NOW()),
                                                                                                                        (44, 15, 'Item 44', 'https://i.postimg.cc/placeholder/image44.jpg', 10000, 1, NOW(), NOW()),
                                                                                                                        (45, 11, 'Item 45', 'https://i.postimg.cc/placeholder/image45.jpg', 10000, 1, NOW(), NOW()),
                                                                                                                        (46, 12, 'Item 46', 'https://i.postimg.cc/placeholder/image46.jpg', 10000, 1, NOW(), NOW()),
                                                                                                                        (47, 18, 'Item 47', 'https://i.postimg.cc/placeholder/image47.jpg', 10000, 1, NOW(), NOW()),
                                                                                                                        (48, 12, 'Item 48', 'https://i.postimg.cc/placeholder/image48.jpg', 10000, 1, NOW(), NOW()),
                                                                                                                        (49, 13, 'Item 49', 'https://i.postimg.cc/placeholder/image49.jpg', 10000, 1, NOW(), NOW()),
                                                                                                                        (50, 18, 'Item 50', 'https://i.postimg.cc/placeholder/image50.jpg', 10000, 1, NOW(), NOW()),
                                                                                                                        (51, 17, 'Item 51', 'https://i.postimg.cc/placeholder/image51.jpg', 10000, 1, NOW(), NOW()),
                                                                                                                        (52, 13, 'Item 52', 'https://i.postimg.cc/placeholder/image52.jpg', 10000, 1, NOW(), NOW()),
                                                                                                                        (53, 19, 'Item 53', 'https://i.postimg.cc/placeholder/image53.jpg', 10000, 1, NOW(), NOW()),
                                                                                                                        (54, 19, 'Item 54', 'https://i.postimg.cc/placeholder/image54.jpg', 10000, 1, NOW(), NOW()),
                                                                                                                        (55, 20, 'Item 55', 'https://i.postimg.cc/placeholder/image55.jpg', 10000, 1, NOW(), NOW()),
                                                                                                                        (56, 19, 'Item 56', 'https://i.postimg.cc/placeholder/image56.jpg', 10000, 1, NOW(), NOW()),
                                                                                                                        (57, 21, 'Item 57', 'https://i.postimg.cc/placeholder/image57.jpg', 10000, 1, NOW(), NOW()),
                                                                                                                        (58, 21, 'Item 58', 'https://i.postimg.cc/placeholder/image58.jpg', 10000, 1, NOW(), NOW()),
                                                                                                                        (59, 19, 'Item 59', 'https://i.postimg.cc/placeholder/image59.jpg', 10000, 1, NOW(), NOW()),
                                                                                                                        (60, 22, 'Item 60', 'https://i.postimg.cc/placeholder/image60.jpg', 10000, 1, NOW(), NOW()),
                                                                                                                        (61, 23, 'Item 61', 'https://i.postimg.cc/placeholder/image61.jpg', 10000, 1, NOW(), NOW()),
                                                                                                                        (62, 24, 'Item 62', 'https://i.postimg.cc/placeholder/image62.jpg', 10000, 1, NOW(), NOW()),
                                                                                                                        (63, 24, 'Item 63', 'https://i.postimg.cc/placeholder/image63.jpg', 10000, 1, NOW(), NOW()),
                                                                                                                        (64, 19, 'Item 64', 'https://i.postimg.cc/placeholder/image64.jpg', 10000, 1, NOW(), NOW()),
                                                                                                                        (65, 20, 'Item 65', 'https://i.postimg.cc/placeholder/image65.jpg', 10000, 1, NOW(), NOW()),
                                                                                                                        (66, 25, 'Item 66', 'https://i.postimg.cc/placeholder/image66.jpg', 10000, 1, NOW(), NOW()),
                                                                                                                        (67, 22, 'Item 67', 'https://i.postimg.cc/placeholder/image67.jpg', 10000, 1, NOW(), NOW()),
                                                                                                                        (68, 24, 'Item 68', 'https://i.postimg.cc/placeholder/image68.jpg', 10000, 1, NOW(), NOW()),
                                                                                                                        (69, 19, 'Item 69', 'https://i.postimg.cc/placeholder/image69.jpg', 10000, 1, NOW(), NOW()),
                                                                                                                        (70, 20, 'Item 70', 'https://i.postimg.cc/placeholder/image70.jpg', 10000, 1, NOW(), NOW()),
                                                                                                                        (71, 25, 'Item 71', 'https://i.postimg.cc/placeholder/image71.jpg', 10000, 1, NOW(), NOW()),
                                                                                                                        (72, 23, 'Item 72', 'https://i.postimg.cc/placeholder/image72.jpg', 10000, 1, NOW(), NOW()),
                                                                                                                        (73, 26, 'Item 73', 'https://i.postimg.cc/placeholder/image73.jpg', 10000, 1, NOW(), NOW()),
                                                                                                                        (74, 24, 'Item 74', 'https://i.postimg.cc/placeholder/image74.jpg', 10000, 1, NOW(), NOW()),
                                                                                                                        (75, 22, 'Item 75', 'https://i.postimg.cc/placeholder/image75.jpg', 10000, 1, NOW(), NOW()),
                                                                                                                        (76, 19, 'Item 76', 'https://i.postimg.cc/placeholder/image76.jpg', 10000, 1, NOW(), NOW()),
                                                                                                                        (77, 20, 'Item 77', 'https://i.postimg.cc/placeholder/image77.jpg', 10000, 1, NOW(), NOW()),
                                                                                                                        (78, 20, 'Item 78', 'https://i.postimg.cc/placeholder/image78.jpg', 10000, 1, NOW(), NOW()),
                                                                                                                        (79, 27, 'Item 79', 'https://i.postimg.cc/placeholder/image79.jpg', 10000, 1, NOW(), NOW()),
                                                                                                                        (80, 28, 'Item 80', 'https://i.postimg.cc/placeholder/image80.jpg', 10000, 1, NOW(), NOW()),
                                                                                                                        (81, 29, 'Item 81', 'https://i.postimg.cc/placeholder/image81.jpg', 10000, 1, NOW(), NOW()),
                                                                                                                        (82, 29, 'Item 82', 'https://i.postimg.cc/placeholder/image82.jpg', 10000, 1, NOW(), NOW()),
                                                                                                                        (83, 30, 'Item 83', 'https://i.postimg.cc/placeholder/image83.jpg', 10000, 1, NOW(), NOW()),
                                                                                                                        (84, 31, 'Item 84', 'https://i.postimg.cc/placeholder/image84.jpg', 10000, 1, NOW(), NOW()),
                                                                                                                        (85, 32, 'Item 85', 'https://i.postimg.cc/placeholder/image85.jpg', 10000, 1, NOW(), NOW()),
                                                                                                                        (86, 30, 'Item 86', 'https://i.postimg.cc/placeholder/image86.jpg', 10000, 1, NOW(), NOW()),
                                                                                                                        (87, 29, 'Item 87', 'https://i.postimg.cc/placeholder/image87.jpg', 10000, 1, NOW(), NOW()),
                                                                                                                        (88, 27, 'Item 88', 'https://i.postimg.cc/placeholder/image88.jpg', 10000, 1, NOW(), NOW()),
                                                                                                                        (89, 27, 'Item 89', 'https://i.postimg.cc/placeholder/image89.jpg', 10000, 1, NOW(), NOW()),
                                                                                                                        (90, 28, 'Item 90', 'https://i.postimg.cc/placeholder/image90.jpg', 10000, 1, NOW(), NOW()),
                                                                                                                        (91, 29, 'Item 91', 'https://i.postimg.cc/placeholder/image91.jpg', 10000, 1, NOW(), NOW()),
                                                                                                                        (92, 28, 'Item 92', 'https://i.postimg.cc/placeholder/image92.jpg', 10000, 1, NOW(), NOW()),
                                                                                                                        (93, 29, 'Item 93', 'https://i.postimg.cc/placeholder/image93.jpg', 10000, 1, NOW(), NOW()),
                                                                                                                        (94, 28, 'Item 94', 'https://i.postimg.cc/placeholder/image94.jpg', 10000, 1, NOW(), NOW()),
                                                                                                                        (95, 28, 'Item 95', 'https://i.postimg.cc/placeholder/image95.jpg', 10000, 1, NOW(), NOW()),
                                                                                                                        (96, 27, 'Item 96', 'https://i.postimg.cc/placeholder/image96.jpg', 10000, 1, NOW(), NOW()),
                                                                                                                        (97, 29, 'Item 97', 'https://i.postimg.cc/placeholder/image97.jpg', 10000, 1, NOW(), NOW()),
                                                                                                                        (98, 33, 'Item 98', 'https://i.postimg.cc/placeholder/image98.jpg', 10000, 1, NOW(), NOW()),
                                                                                                                        (99, 31, 'Item 99', 'https://i.postimg.cc/placeholder/image99.jpg', 10000, 1, NOW(), NOW()),
                                                                                                                        (100, 27, 'Item 100', 'https://i.postimg.cc/placeholder/image100.jpg', 10000, 1, NOW(), NOW()),
                                                                                                                        (101, 30, 'Item 101', 'https://i.postimg.cc/placeholder/image101.jpg', 10000, 1, NOW(), NOW()),
                                                                                                                        (102, 33, 'Item 102', 'https://i.postimg.cc/placeholder/image102.jpg', 10000, 1, NOW(), NOW()),
                                                                                                                        (103, 31, 'Item 103', 'https://i.postimg.cc/placeholder/image103.jpg', 10000, 1, NOW(), NOW()),
                                                                                                                        (104, 29, 'Item 104', 'https://i.postimg.cc/placeholder/image104.jpg', 10000, 1, NOW(), NOW()),
                                                                                                                        (105, 34, 'Item 105', 'https://i.postimg.cc/placeholder/image105.jpg', 10000, 1, NOW(), NOW()),
                                                                                                                        (106, 35, 'Item 106', 'https://i.postimg.cc/placeholder/image106.jpg', 10000, 1, NOW(), NOW()),
                                                                                                                        (107, 36, 'Item 107', 'https://i.postimg.cc/placeholder/image107.jpg', 10000, 1, NOW(), NOW()),
                                                                                                                        (108, 36, 'Item 108', 'https://i.postimg.cc/placeholder/image108.jpg', 10000, 1, NOW(), NOW()),
                                                                                                                        (109, 34, 'Item 109', 'https://i.postimg.cc/placeholder/image109.jpg', 10000, 1, NOW(), NOW()),
                                                                                                                        (110, 37, 'Item 110', 'https://i.postimg.cc/placeholder/image110.jpg', 10000, 1, NOW(), NOW()),
                                                                                                                        (111, 38, 'Item 111', 'https://i.postimg.cc/placeholder/image111.jpg', 10000, 1, NOW(), NOW()),
                                                                                                                        (112, 39, 'Item 112', 'https://i.postimg.cc/placeholder/image112.jpg', 10000, 1, NOW(), NOW()),
                                                                                                                        (113, 40, 'Item 113', 'https://i.postimg.cc/placeholder/image113.jpg', 10000, 1, NOW(), NOW()),
                                                                                                                        (114, 41, 'Item 114', 'https://i.postimg.cc/placeholder/image114.jpg', 10000, 1, NOW(), NOW()),
                                                                                                                        (115, 42, 'Item 115', 'https://i.postimg.cc/placeholder/image115.jpg', 10000, 1, NOW(), NOW()),
                                                                                                                        (116, 42, 'Item 116', 'https://i.postimg.cc/placeholder/image116.jpg', 10000, 1, NOW(), NOW()),
                                                                                                                        (117, 43, 'Item 117', 'https://i.postimg.cc/placeholder/image117.jpg', 10000, 1, NOW(), NOW()),
                                                                                                                        (118, 38, 'Item 118', 'https://i.postimg.cc/placeholder/image118.jpg', 10000, 1, NOW(), NOW()),
                                                                                                                        (119, 36, 'Item 119', 'https://i.postimg.cc/placeholder/image119.jpg', 10000, 1, NOW(), NOW()),
                                                                                                                        (120, 43, 'Item 120', 'https://i.postimg.cc/placeholder/image120.jpg', 10000, 1, NOW(), NOW()),
                                                                                                                        (121, 39, 'Item 121', 'https://i.postimg.cc/placeholder/image121.jpg', 10000, 1, NOW(), NOW()),
                                                                                                                        (122, 43, 'Item 122', 'https://i.postimg.cc/placeholder/image122.jpg', 10000, 1, NOW(), NOW()),
                                                                                                                        (123, 36, 'Item 123', 'https://i.postimg.cc/placeholder/image123.jpg', 10000, 1, NOW(), NOW()),
                                                                                                                        (124, 42, 'Item 124', 'https://i.postimg.cc/placeholder/image124.jpg', 10000, 1, NOW(), NOW()),
                                                                                                                        (125, 43, 'Item 125', 'https://i.postimg.cc/placeholder/image125.jpg', 10000, 1, NOW(), NOW()),
                                                                                                                        (126, 39, 'Item 126', 'https://i.postimg.cc/placeholder/image126.jpg', 10000, 1, NOW(), NOW()),
                                                                                                                        (127, 34, 'Item 127', 'https://i.postimg.cc/placeholder/image127.jpg', 10000, 1, NOW(), NOW()),
                                                                                                                        (128, 37, 'Item 128', 'https://i.postimg.cc/placeholder/image128.jpg', 10000, 1, NOW(), NOW()),
                                                                                                                        (129, 34, 'Item 129', 'https://i.postimg.cc/placeholder/image129.jpg', 10000, 1, NOW(), NOW()),
                                                                                                                        (130, 43, 'Item 130', 'https://i.postimg.cc/placeholder/image130.jpg', 10000, 1, NOW(), NOW());

INSERT INTO `item_stock` (`item_id`, `quantity`, `sold_quantity`) VALUES
                                                                      (1, 200, 0),
                                                                      (2, 200, 0),
                                                                      (3, 200, 0),
                                                                      (4, 200, 0),
                                                                      (5, 200, 0),
                                                                      (6, 200, 0),
                                                                      (7, 200, 0),
                                                                      (8, 200, 0),
                                                                      (9, 200, 0),
                                                                      (10, 200, 0),
                                                                      (11, 200, 0),
                                                                      (12, 200, 0),
                                                                      (13, 200, 0),
                                                                      (14, 200, 0),
                                                                      (15, 200, 0),
                                                                      (16, 200, 0),
                                                                      (17, 200, 0),
                                                                      (18, 200, 0),
                                                                      (19, 200, 0),
                                                                      (20, 200, 0),
                                                                      (21, 200, 0),
                                                                      (22, 200, 0),
                                                                      (23, 200, 0),
                                                                      (24, 200, 0),
                                                                      (25, 200, 0),
                                                                      (26, 200, 0),
                                                                      (27, 200, 0),
                                                                      (28, 200, 0),
                                                                      (29, 200, 0),
                                                                      (30, 200, 0),
                                                                      (31, 200, 0),
                                                                      (32, 200, 0),
                                                                      (33, 200, 0),
                                                                      (34, 200, 0),
                                                                      (35, 200, 0),
                                                                      (36, 200, 0),
                                                                      (37, 200, 0),
                                                                      (38, 200, 0),
                                                                      (39, 200, 0),
                                                                      (40, 200, 0),
                                                                      (41, 200, 0),
                                                                      (42, 200, 0),
                                                                      (43, 200, 0),
                                                                      (44, 200, 0),
                                                                      (45, 200, 0),
                                                                      (46, 200, 0),
                                                                      (47, 200, 0),
                                                                      (48, 200, 0),
                                                                      (49, 200, 0),
                                                                      (50, 200, 0),
                                                                      (51, 200, 0),
                                                                      (52, 200, 0),
                                                                      (53, 200, 0),
                                                                      (54, 200, 0),
                                                                      (55, 200, 0),
                                                                      (56, 200, 0),
                                                                      (57, 200, 0),
                                                                      (58, 200, 0),
                                                                      (59, 200, 0),
                                                                      (60, 200, 0),
                                                                      (61, 200, 0),
                                                                      (62, 200, 0),
                                                                      (63, 200, 0),
                                                                      (64, 200, 0),
                                                                      (65, 200, 0),
                                                                      (66, 200, 0),
                                                                      (67, 200, 0),
                                                                      (68, 200, 0),
                                                                      (69, 200, 0),
                                                                      (70, 200, 0),
                                                                      (71, 200, 0),
                                                                      (72, 200, 0),
                                                                      (73, 200, 0),
                                                                      (74, 200, 0),
                                                                      (75, 200, 0),
                                                                      (76, 200, 0),
                                                                      (77, 200, 0),
                                                                      (78, 200, 0),
                                                                      (79, 200, 0),
                                                                      (80, 200, 0),
                                                                      (81, 200, 0),
                                                                      (82, 200, 0),
                                                                      (83, 200, 0),
                                                                      (84, 200, 0),
                                                                      (85, 200, 0),
                                                                      (86, 200, 0),
                                                                      (87, 200, 0),
                                                                      (88, 200, 0),
                                                                      (89, 200, 0),
                                                                      (90, 200, 0),
                                                                      (91, 200, 0),
                                                                      (92, 200, 0),
                                                                      (93, 200, 0),
                                                                      (94, 200, 0),
                                                                      (95, 200, 0),
                                                                      (96, 200, 0),
                                                                      (97, 200, 0),
                                                                      (98, 200, 0),
                                                                      (99, 200, 0),
                                                                      (100, 200, 0),
                                                                      (101, 200, 0),
                                                                      (102, 200, 0),
                                                                      (103, 200, 0),
                                                                      (104, 200, 0),
                                                                      (105, 200, 0),
                                                                      (106, 200, 0),
                                                                      (107, 200, 0),
                                                                      (108, 200, 0),
                                                                      (109, 200, 0),
                                                                      (110, 200, 0),
                                                                      (111, 200, 0),
                                                                      (112, 200, 0),
                                                                      (113, 200, 0),
                                                                      (114, 200, 0),
                                                                      (115, 200, 0),
                                                                      (116, 200, 0),
                                                                      (117, 200, 0),
                                                                      (118, 200, 0),
                                                                      (119, 200, 0),
                                                                      (120, 200, 0),
                                                                      (121, 200, 0),
                                                                      (122, 200, 0),
                                                                      (123, 200, 0),
                                                                      (124, 200, 0),
                                                                      (125, 200, 0),
                                                                      (126, 200, 0),
                                                                      (127, 200, 0),
                                                                      (128, 200, 0),
                                                                      (129, 200, 0),
                                                                      (130, 200, 0);