DELETE FROM `item_stock`;
DELETE FROM `time_deal_item`;
DELETE FROM `time_deal`;
DELETE FROM `item`;
DELETE FROM `type_brand`;
DELETE FROM `type`;
DELETE FROM `brand`;

INSERT INTO `type` (`id`, `name`, `created_at`, `updated_at`)
VALUES (1, '노트북', NOW(), NOW()),
       (2, '냉장고', NOW(), NOW()),
       (3, '스마트폰', NOW(), NOW()),
       (4, '태블릿 PC', NOW(), NOW()),
       (5, '카메라', NOW(), NOW());

INSERT INTO `brand` (`id`, `name`, `created_at`, `updated_at`)
VALUES (1, '삼성', NOW(), NOW()),
       (2, 'LG', NOW(), NOW()),
       (3, '애플', NOW(), NOW()),
       (4, '소니', NOW(), NOW()),
       (5, '레노버', NOW(), NOW()),
       (6, '샤오미', NOW(), NOW()),
       (7, '캐논', NOW(), NOW()),
       (8, '니콘', NOW(), NOW()),
       (9, 'MSI', NOW(), NOW()),
       (10, 'ASUS', NOW(), NOW());

INSERT INTO `type_brand` (`id`, `type_id`, `brand_id`, `created_at`, `updated_at`)
VALUES (1, 1, 5, NOW(), NOW()),
       (2, 1, 4, NOW(), NOW()),
       (3, 1, 3, NOW(), NOW()),
       (4, 1, 8, NOW(), NOW()),
       (5, 1, 7, NOW(), NOW()),
       (6, 1, 2, NOW(), NOW()),
       (7, 1, 6, NOW(), NOW()),
       (8, 1, 1, NOW(), NOW()),
       (9, 1, 9, NOW(), NOW()),
       (10, 2, 10, NOW(), NOW()),
       (11, 2, 8, NOW(), NOW()),
       (12, 2, 6, NOW(), NOW()),
       (13, 2, 3, NOW(), NOW()),
       (14, 2, 7, NOW(), NOW()),
       (15, 2, 1, NOW(), NOW()),
       (16, 2, 2, NOW(), NOW()),
       (17, 2, 9, NOW(), NOW()),
       (18, 2, 4, NOW(), NOW()),
       (19, 3, 4, NOW(), NOW()),
       (20, 3, 3, NOW(), NOW()),
       (21, 3, 8, NOW(), NOW()),
       (22, 3, 9, NOW(), NOW()),
       (23, 3, 1, NOW(), NOW()),
       (24, 3, 6, NOW(), NOW()),
       (25, 3, 5, NOW(), NOW()),
       (26, 3, 2, NOW(), NOW()),
       (27, 4, 4, NOW(), NOW()),
       (28, 4, 7, NOW(), NOW()),
       (29, 4, 10, NOW(), NOW()),
       (30, 4, 9, NOW(), NOW()),
       (31, 4, 5, NOW(), NOW()),
       (32, 4, 6, NOW(), NOW()),
       (33, 4, 3, NOW(), NOW()),
       (34, 5, 4, NOW(), NOW()),
       (35, 5, 7, NOW(), NOW()),
       (36, 5, 9, NOW(), NOW()),
       (37, 5, 2, NOW(), NOW()),
       (38, 5, 3, NOW(), NOW()),
       (39, 5, 5, NOW(), NOW()),
       (40, 5, 1, NOW(), NOW()),
       (41, 5, 10, NOW(), NOW()),
       (42, 5, 8, NOW(), NOW()),
       (43, 5, 6, NOW(), NOW());

INSERT INTO `item` (`id`, `type_brand_id`, `name`, `image_url`, `price`, `item_status`, `created_at`, `updated_at`)
VALUES (1, 1, '레노버 노트북 ThinkPad X1 Carbon', 'https://i.postimg.cc/C1f7fpyp/image.avif', 1650000, 'NONE', NOW(), NOW()),
       (2, 2, '소니 노트북 VAIO Pro', 'https://i.postimg.cc/C1f7fpyp/image.avif', 1450000, 'NONE', NOW(), NOW()),
       (3, 2, '소니 노트북 VAIO S13', 'https://i.postimg.cc/C1f7fpyp/image.avif', 1350000, 'NONE', NOW(), NOW()),
       (4, 3, '애플 노트북 MacBook Pro 16인치', 'https://i.postimg.cc/C1f7fpyp/image.avif', 2890000, 'NONE', NOW(), NOW()),
       (5, 4, '니콘 노트북 NC-Book Pro', 'https://i.postimg.cc/C1f7fpyp/image.avif', 1280000, 'NONE', NOW(), NOW()),
       (6, 5, '캐논 노트북 CN-Book', 'https://i.postimg.cc/C1f7fpyp/image.avif', 1190000, 'NONE', NOW(), NOW()),
       (7, 4, '니콘 노트북 NC-Book Air', 'https://i.postimg.cc/C1f7fpyp/image.avif', 980000, 'NONE', NOW(), NOW()),
       (8, 6, 'LG 노트북 그램 17인치', 'https://i.postimg.cc/C1f7fpyp/image.avif', 1750000, 'NONE', NOW(), NOW()),
       (9, 7, '샤오미 노트북 RedmiBook Pro', 'https://i.postimg.cc/C1f7fpyp/image.avif', 890000, 'NONE', NOW(), NOW()),
       (10, 4, '니콘 노트북 NC-Book Ultra', 'https://i.postimg.cc/C1f7fpyp/image.avif', 1480000, 'NONE', NOW(), NOW()),
       (11, 4, '니콘 노트북 NC-Book Studio', 'https://i.postimg.cc/C1f7fpyp/image.avif', 1390000, 'NONE', NOW(), NOW()),
       (12, 3, '애플 노트북 MacBook Air M2', 'https://i.postimg.cc/C1f7fpyp/image.avif', 1690000, 'NONE', NOW(), NOW()),
       (13, 6, 'LG 노트북 그램 14인치', 'https://i.postimg.cc/C1f7fpyp/image.avif', 1450000, 'NONE', NOW(), NOW()),
       (14, 8, '삼성 노트북 갤럭시북 Pro', 'https://i.postimg.cc/C1f7fpyp/image.avif', 1550000, 'NONE', NOW(), NOW()),
       (15, 8, '삼성 노트북 갤럭시북 Ultra', 'https://i.postimg.cc/C1f7fpyp/image.avif', 1880000, 'NONE', NOW(), NOW()),
       (16, 4, '니콘 노트북 NC-Book Lite', 'https://i.postimg.cc/C1f7fpyp/image.avif', 890000, 'NONE', NOW(), NOW()),
       (17, 6, 'LG 노트북 울트라PC', 'https://i.postimg.cc/C1f7fpyp/image.avif', 1280000, 'NONE', NOW(), NOW()),
       (18, 8, '삼성 노트북 갤럭시북 Flex', 'https://i.postimg.cc/C1f7fpyp/image.avif', 1350000, 'NONE', NOW(), NOW()),
       (19, 3, '애플 노트북 MacBook Pro 14인치', 'https://i.postimg.cc/C1f7fpyp/image.avif', 2390000, 'NONE', NOW(), NOW()),
       (20, 2, '소니 노트북 VAIO FE14', 'https://i.postimg.cc/C1f7fpyp/image.avif', 1250000, 'NONE', NOW(), NOW()),
       (21, 4, '니콘 노트북 NC-Book Gaming', 'https://i.postimg.cc/C1f7fpyp/image.avif', 1680000, 'NONE', NOW(), NOW()),
       (22, 4, '니콘 노트북 NC-Book Creator', 'https://i.postimg.cc/C1f7fpyp/image.avif', 1780000, 'NONE', NOW(), NOW()),
       (23, 4, '니콘 노트북 NC-Book Business', 'https://i.postimg.cc/C1f7fpyp/image.avif', 1480000, 'NONE', NOW(), NOW()),
       (24, 9, 'MSI 노트북 크리에이터 Z16', 'https://i.postimg.cc/C1f7fpyp/image.avif', 2180000, 'NONE', NOW(), NOW()),
       (25, 6, 'LG 노트북 그램 360', 'https://i.postimg.cc/C1f7fpyp/image.avif', 1590000, 'NONE', NOW(), NOW()),
       (26, 7, '샤오미 노트북 Mi Notebook Pro', 'https://i.postimg.cc/C1f7fpyp/image.avif', 980000, 'NONE', NOW(), NOW()),
       (27, 10, 'ASUS 냉장고 TUF Gaming F1', 'https://i.postimg.cc/gjFDVtdX/image.jpg', 1490000, 'NONE', NOW(), NOW()),
       (28, 11, '니콘 냉장고 Cool-Master 650L', 'https://i.postimg.cc/gjFDVtdX/image.jpg', 1150000, 'NONE', NOW(), NOW()),
       (29, 12, '샤오미 냉장고 Mi Smart 2도어', 'https://i.postimg.cc/gjFDVtdX/image.jpg', 890000, 'NONE', NOW(), NOW()),
       (30, 13, '애플 냉장고 iCool Pro', 'https://i.postimg.cc/gjFDVtdX/image.jpg', 2950000, 'NONE', NOW(), NOW()),
       (31, 14, '캐논 냉장고 Fresh-Tech 500L', 'https://i.postimg.cc/gjFDVtdX/image.jpg', 1250000, 'NONE', NOW(), NOW()),
       (32, 14, '캐논 냉장고 Fresh-Tech 700L', 'https://i.postimg.cc/gjFDVtdX/image.jpg', 1450000, 'NONE', NOW(), NOW()),
       (33, 15, '삼성 냉장고 비스포크 4도어', 'https://i.postimg.cc/gjFDVtdX/image.jpg', 1850000, 'NONE', NOW(), NOW()),
       (34, 16, 'LG 냉장고 디오스 노크온', 'https://i.postimg.cc/gjFDVtdX/image.jpg', 1750000, 'NONE', NOW(), NOW()),
       (35, 12, '샤오미 냉장고 Mi Smart 4도어', 'https://i.postimg.cc/gjFDVtdX/image.jpg', 1190000, 'NONE', NOW(), NOW()),
       (36, 17, 'MSI 냉장고 Gaming Chill 500L', 'https://i.postimg.cc/gjFDVtdX/image.jpg', 1390000, 'NONE', NOW(), NOW()),
       (37, 15, '삼성 냉장고 비스포크 3도어', 'https://i.postimg.cc/gjFDVtdX/image.jpg', 1650000, 'NONE', NOW(), NOW()),
       (38, 16, 'LG 냉장고 오브제 컬렉션', 'https://i.postimg.cc/gjFDVtdX/image.jpg', 1980000, 'NONE', NOW(), NOW()),
       (39, 14, '캐논 냉장고 Fresh-Tech 900L', 'https://i.postimg.cc/gjFDVtdX/image.jpg', 1650000, 'NONE', NOW(), NOW()),
       (40, 11, '니콘 냉장고 Cool-Master 850L', 'https://i.postimg.cc/gjFDVtdX/image.jpg', 1350000, 'NONE', NOW(), NOW()),
       (41, 16, 'LG 냉장고 시그니처', 'https://i.postimg.cc/gjFDVtdX/image.jpg', 2450000, 'NONE', NOW(), NOW()),
       (42, 13, '애플 냉장고 iCool Mini', 'https://i.postimg.cc/gjFDVtdX/image.jpg', 1890000, 'NONE', NOW(), NOW()),
       (43, 18, '소니 냉장고 Bravia Cool', 'https://i.postimg.cc/gjFDVtdX/image.jpg', 1750000, 'NONE', NOW(), NOW()),
       (44, 15, '삼성 냉장고 비스포크 패밀리허브', 'https://i.postimg.cc/gjFDVtdX/image.jpg', 2250000, 'NONE', NOW(), NOW()),
       (45, 11, '니콘 냉장고 Cool-Master 단문형', 'https://i.postimg.cc/gjFDVtdX/image.jpg', 850000, 'NONE', NOW(), NOW()),
       (46, 12, '샤오미 냉장고 레트로 디자인', 'https://i.postimg.cc/gjFDVtdX/image.jpg', 790000, 'NONE', NOW(), NOW()),
       (47, 18, '소니 냉장고 Bravia Cool Pro', 'https://i.postimg.cc/gjFDVtdX/image.jpg', 1950000, 'NONE', NOW(), NOW()),
       (48, 12, '샤오미 냉장고 와인 냉장고', 'https://i.postimg.cc/gjFDVtdX/image.jpg', 650000, 'NONE', NOW(), NOW()),
       (49, 13, '애플 냉장고 iCool Max', 'https://i.postimg.cc/gjFDVtdX/image.jpg', 3250000, 'NONE', NOW(), NOW()),
       (50, 18, '소니 냉장고 Bravia Cool 미니', 'https://i.postimg.cc/gjFDVtdX/image.jpg', 1150000, 'NONE', NOW(), NOW()),
       (51, 17, 'MSI 냉장고 Gaming Chill 700L', 'https://i.postimg.cc/gjFDVtdX/image.jpg', 1590000, 'NONE', NOW(), NOW()),
       (52, 13, '애플 냉장고 iCool Family', 'https://i.postimg.cc/gjFDVtdX/image.jpg', 2790000, 'NONE', NOW(), NOW()),
       (53, 19, '소니 스마트폰 Xperia 1 V', 'https://i.postimg.cc/qqTshtX2/image.avif', 1350000, 'NONE', NOW(), NOW()),
       (54, 19, '소니 스마트폰 Xperia 5 V', 'https://i.postimg.cc/qqTshtX2/image.avif', 1150000, 'NONE', NOW(), NOW()),
       (55, 20, '애플 스마트폰 iPhone 15 Pro Max', 'https://i.postimg.cc/qqTshtX2/image.avif', 1850000, 'NONE', NOW(), NOW()),
       (56, 19, '소니 스마트폰 Xperia 10 V', 'https://i.postimg.cc/qqTshtX2/image.avif', 690000, 'NONE', NOW(), NOW()),
       (57, 21, '니콘 스마트폰 Nikon Phone Pro', 'https://i.postimg.cc/qqTshtX2/image.avif', 980000, 'NONE', NOW(), NOW()),
       (58, 21, '니콘 스마트폰 Nikon Phone Ultra', 'https://i.postimg.cc/qqTshtX2/image.avif', 1180000, 'NONE', NOW(), NOW()),
       (59, 19, '소니 스마트폰 Xperia PRO-I', 'https://i.postimg.cc/qqTshtX2/image.avif', 1450000, 'NONE', NOW(), NOW()),
       (60, 22, 'MSI 스마트폰 Gaming Phone', 'https://i.postimg.cc/qqTshtX2/image.avif', 1280000, 'NONE', NOW(), NOW()),
       (61, 23, '삼성 스마트폰 갤럭시 S24 Ultra', 'https://i.postimg.cc/qqTshtX2/image.avif', 1950000, 'NONE', NOW(), NOW()),
       (62, 24, '샤오미 스마트폰 Redmi Note 13 Pro', 'https://i.postimg.cc/qqTshtX2/image.avif', 490000, 'NONE', NOW(), NOW()),
       (63, 24, '샤오미 스마트폰 Mi 14', 'https://i.postimg.cc/qqTshtX2/image.avif', 890000, 'NONE', NOW(), NOW()),
       (64, 19, '소니 스마트폰 Xperia Ace', 'https://i.postimg.cc/qqTshtX2/image.avif', 550000, 'NONE', NOW(), NOW()),
       (65, 20, '애플 스마트폰 iPhone 15', 'https://i.postimg.cc/qqTshtX2/image.avif', 1250000, 'NONE', NOW(), NOW()),
       (66, 25, '레노버 스마트폰 Legion Phone', 'https://i.postimg.cc/qqTshtX2/image.avif', 980000, 'NONE', NOW(), NOW()),
       (67, 22, 'MSI 스마트폰 Gaming Phone Pro', 'https://i.postimg.cc/qqTshtX2/image.avif', 1480000, 'NONE', NOW(), NOW()),
       (68, 24, '샤오미 스마트폰 POCO F5', 'https://i.postimg.cc/qqTshtX2/image.avif', 450000, 'NONE', NOW(), NOW()),
       (69, 19, '소니 스마트폰 Xperia L4', 'https://i.postimg.cc/qqTshtX2/image.avif', 320000, 'NONE', NOW(), NOW()),
       (70, 20, '애플 스마트폰 iPhone 15 Pro', 'https://i.postimg.cc/qqTshtX2/image.avif', 1650000, 'NONE', NOW(), NOW()),
       (71, 25, '레노버 스마트폰 Moto Edge', 'https://i.postimg.cc/qqTshtX2/image.avif', 650000, 'NONE', NOW(), NOW()),
       (72, 23, '삼성 스마트폰 갤럭시 S24 Plus', 'https://i.postimg.cc/qqTshtX2/image.avif', 1550000, 'NONE', NOW(), NOW()),
       (73, 26, 'LG 스마트폰 벨벳 2', 'https://i.postimg.cc/qqTshtX2/image.avif', 890000, 'NONE', NOW(), NOW()),
       (74, 24, '샤오미 스마트폰 Black Shark 5', 'https://i.postimg.cc/qqTshtX2/image.avif', 780000, 'NONE', NOW(), NOW()),
       (75, 22, 'MSI 스마트폰 Gaming Phone Ultra', 'https://i.postimg.cc/qqTshtX2/image.avif', 1580000, 'NONE', NOW(),
        NOW()),
       (76, 19, '소니 스마트폰 Xperia 1 IV', 'https://i.postimg.cc/qqTshtX2/image.avif', 1250000, 'NONE', NOW(), NOW()),
       (77, 20, '애플 스마트폰 iPhone SE 3세대', 'https://i.postimg.cc/qqTshtX2/image.avif', 650000, 'NONE', NOW(), NOW()),
       (78, 20, '애플 스마트폰 iPhone 14 Plus', 'https://i.postimg.cc/qqTshtX2/image.avif', 1180000, 'NONE', NOW(), NOW()),
       (79, 27, '소니 태블릿PC Xperia Tab Z', 'https://i.postimg.cc/gjHvvYNQ/pc.jpg', 890000, 'NONE', NOW(), NOW()),
       (80, 28, '캐논 태블릿PC Canvas Pro', 'https://i.postimg.cc/gjHvvYNQ/pc.jpg', 750000, 'NONE', NOW(), NOW()),
       (81, 29, 'ASUS 태블릿PC ROG Flow Z13', 'https://i.postimg.cc/gjHvvYNQ/pc.jpg', 1450000, 'NONE', NOW(), NOW()),
       (82, 29, 'ASUS 태블릿PC ZenPad S', 'https://i.postimg.cc/gjHvvYNQ/pc.jpg', 680000, 'NONE', NOW(), NOW()),
       (83, 30, 'MSI 태블릿PC Summit E13', 'https://i.postimg.cc/gjHvvYNQ/pc.jpg', 1350000, 'NONE', NOW(), NOW()),
       (84, 31, '레노버 태블릿PC Tab P12 Pro', 'https://i.postimg.cc/gjHvvYNQ/pc.jpg', 790000, 'NONE', NOW(), NOW()),
       (85, 32, '샤오미 태블릿PC Mi Pad 6', 'https://i.postimg.cc/gjHvvYNQ/pc.jpg', 450000, 'NONE', NOW(), NOW()),
       (86, 30, 'MSI 태블릿PC Creator Z16', 'https://i.postimg.cc/gjHvvYNQ/pc.jpg', 1950000, 'NONE', NOW(), NOW()),
       (87, 29, 'ASUS 태블릿PC VivoTab', 'https://i.postimg.cc/gjHvvYNQ/pc.jpg', 580000, 'NONE', NOW(), NOW()),
       (88, 27, '소니 태블릿PC Xperia Tab S', 'https://i.postimg.cc/gjHvvYNQ/pc.jpg', 790000, 'NONE', NOW(), NOW()),
       (89, 27, '소니 태블릿PC Xperia Tab Ultra', 'https://i.postimg.cc/gjHvvYNQ/pc.jpg', 1150000, 'NONE', NOW(), NOW()),
       (90, 28, '캐논 태블릿PC Canvas Mini', 'https://i.postimg.cc/gjHvvYNQ/pc.jpg', 550000, 'NONE', NOW(), NOW()),
       (91, 29, 'ASUS 태블릿PC ROG Flow X13', 'https://i.postimg.cc/gjHvvYNQ/pc.jpg', 1850000, 'NONE', NOW(), NOW()),
       (92, 28, '캐논 태블릿PC Canvas Studio', 'https://i.postimg.cc/gjHvvYNQ/pc.jpg', 850000, 'NONE', NOW(), NOW()),
       (93, 29, 'ASUS 태블릿PC Transformer', 'https://i.postimg.cc/gjHvvYNQ/pc.jpg', 780000, 'NONE', NOW(), NOW()),
       (94, 28, '캐논 태블릿PC Canvas Art', 'https://i.postimg.cc/gjHvvYNQ/pc.jpg', 650000, 'NONE', NOW(), NOW()),
       (95, 28, '캐논 태블릿PC Canvas Ultra', 'https://i.postimg.cc/gjHvvYNQ/pc.jpg', 950000, 'NONE', NOW(), NOW()),
       (96, 27, '소니 태블릿PC Xperia Tab Air', 'https://i.postimg.cc/gjHvvYNQ/pc.jpg', 680000, 'NONE', NOW(), NOW()),
       (97, 29, 'ASUS 태블릿PC Transformer Mini', 'https://i.postimg.cc/gjHvvYNQ/pc.jpg', 480000, 'NONE', NOW(), NOW()),
       (98, 33, '애플 태블릿PC iPad Pro 12.9', 'https://i.postimg.cc/gjHvvYNQ/pc.jpg', 1450000, 'NONE', NOW(), NOW()),
       (99, 31, '레노버 태블릿PC Yoga Tab', 'https://i.postimg.cc/gjHvvYNQ/pc.jpg', 680000, 'NONE', NOW(), NOW()),
       (100, 27, '소니 태블릿PC Xperia Tab Pro', 'https://i.postimg.cc/gjHvvYNQ/pc.jpg', 980000, 'NONE', NOW(), NOW()),
       (101, 30, 'MSI 태블릿PC Prestige', 'https://i.postimg.cc/gjHvvYNQ/pc.jpg', 1250000, 'NONE', NOW(), NOW()),
       (102, 33, '애플 태블릿PC iPad Air', 'https://i.postimg.cc/gjHvvYNQ/pc.jpg', 850000, 'NONE', NOW(), NOW()),
       (103, 31, '레노버 태블릿PC Tab M10', 'https://i.postimg.cc/gjHvvYNQ/pc.jpg', 350000, 'NONE', NOW(), NOW()),
       (104, 29, 'ASUS 태블릿PC ZenPad 3S', 'https://i.postimg.cc/gjHvvYNQ/pc.jpg', 580000, 'NONE', NOW(), NOW()),
       (105, 34, '소니 카메라 Alpha A7 IV', 'https://i.postimg.cc/Ss8LxL8y/image.avif', 2850000, 'NONE', NOW(), NOW()),
       (106, 35, '캐논 카메라 EOS R5', 'https://i.postimg.cc/Ss8LxL8y/image.avif', 3250000, 'NONE', NOW(), NOW()),
       (107, 36, 'MSI 카메라 Gaming Capture Pro', 'https://i.postimg.cc/Ss8LxL8y/image.avif', 1450000, 'NONE', NOW(),
        NOW()),
       (108, 36, 'MSI 카메라 Gaming Capture Ultra', 'https://i.postimg.cc/Ss8LxL8y/image.avif', 1650000, 'NONE', NOW(),
        NOW()),
       (109, 34, '소니 카메라 Alpha A7S III', 'https://i.postimg.cc/Ss8LxL8y/image.avif', 3650000, 'NONE', NOW(), NOW()),
       (110, 37, 'LG 카메라 ProCapture 4K', 'https://i.postimg.cc/Ss8LxL8y/image.avif', 1580000, 'NONE', NOW(), NOW()),
       (111, 38, '애플 카메라 iCapture Pro', 'https://i.postimg.cc/Ss8LxL8y/image.avif', 2980000, 'NONE', NOW(), NOW()),
       (112, 39, '레노버 카메라 Lenovo Cam', 'https://i.postimg.cc/Ss8LxL8y/image.avif', 890000, 'NONE', NOW(), NOW()),
       (113, 40, '삼성 카메라 NX Elite', 'https://i.postimg.cc/Ss8LxL8y/image.avif', 1950000, 'NONE', NOW(), NOW()),
       (114, 41, 'ASUS 카메라 ProArt P3', 'https://i.postimg.cc/Ss8LxL8y/image.avif', 1780000, 'NONE', NOW(), NOW());


INSERT INTO `item_stock` (`item_id`, `quantity`, `sold_quantity`)
VALUES (1, 200, 0),
       (2, 200, 0),
       (3, 200, 0),
       (4, 200, 0),
       (5, 200, 0),
       (6, 200, 0),
       (7, 200, 0),
       (8, 200, 0),
       (9, 200, 0),
       (10, 200, 0),
       (11, 200, 0),
       (12, 200, 0),
       (13, 200, 0),
       (14, 200, 0),
       (15, 200, 0),
       (16, 200, 0),
       (17, 200, 0),
       (18, 200, 0),
       (19, 200, 0),
       (20, 200, 0),
       (21, 200, 0),
       (22, 200, 0),
       (23, 200, 0),
       (24, 200, 0),
       (25, 200, 0),
       (26, 200, 0),
       (27, 200, 0),
       (28, 200, 0),
       (29, 200, 0),
       (30, 200, 0),
       (31, 200, 0),
       (32, 200, 0),
       (33, 200, 0),
       (34, 200, 0),
       (35, 200, 0),
       (36, 200, 0),
       (37, 200, 0),
       (38, 200, 0),
       (39, 200, 0),
       (40, 200, 0),
       (41, 200, 0),
       (42, 200, 0),
       (43, 200, 0),
       (44, 200, 0),
       (45, 200, 0),
       (46, 200, 0),
       (47, 200, 0),
       (48, 200, 0),
       (49, 200, 0),
       (50, 200, 0),
       (51, 200, 0),
       (52, 200, 0),
       (53, 200, 0),
       (54, 200, 0),
       (55, 200, 0),
       (56, 200, 0),
       (57, 200, 0),
       (58, 200, 0),
       (59, 200, 0),
       (60, 200, 0),
       (61, 200, 0),
       (62, 200, 0),
       (63, 200, 0),
       (64, 200, 0),
       (65, 200, 0),
       (66, 200, 0),
       (67, 200, 0),
       (68, 200, 0),
       (69, 200, 0),
       (70, 200, 0),
       (71, 200, 0),
       (72, 200, 0),
       (73, 200, 0),
       (74, 200, 0),
       (75, 200, 0),
       (76, 200, 0),
       (77, 200, 0),
       (78, 200, 0),
       (79, 200, 0),
       (80, 200, 0),
       (81, 200, 0),
       (82, 200, 0),
       (83, 200, 0),
       (84, 200, 0),
       (85, 200, 0),
       (86, 200, 0),
       (87, 200, 0),
       (88, 200, 0),
       (89, 200, 0),
       (90, 200, 0),
       (91, 200, 0),
       (92, 200, 0),
       (93, 200, 0),
       (94, 200, 0),
       (95, 200, 0),
       (96, 200, 0),
       (97, 200, 0),
       (98, 200, 0),
       (99, 200, 0),
       (100, 200, 0),
       (101, 200, 0),
       (102, 200, 0),
       (103, 200, 0),
       (104, 200, 0),
       (105, 200, 0),
       (106, 200, 0),
       (107, 200, 0),
       (108, 200, 0),
       (109, 200, 0),
       (110, 200, 0),
       (111, 200, 0),
       (112, 200, 0),
       (113, 200, 0),
       (114, 200, 0);