INSERT INTO `type` (`id`, `name`, `created_at`, `updated_at`) VALUES
                                                                  (1, '노트북', NOW(), NOW()),
                                                                  (2, '냉장고', NOW(), NOW()),
                                                                  (3, '스마트폰', NOW(), NOW()),
                                                                  (4, '태블릿 PC', NOW(), NOW()),
                                                                  (5, '카메라', NOW(), NOW());

INSERT INTO `brand` (`id`, `name` , `created_at`, `updated_at`) VALUES
                                                                    (1, '삼성', NOW(), NOW()),
                                                                    (2, 'LG', NOW(), NOW()),
                                                                    (3, '애플', NOW(), NOW()),
                                                                    (4, '소니', NOW(), NOW()),
                                                                    (5, '레노버', NOW(), NOW()),
                                                                    (6, '샤오미', NOW(), NOW()),
                                                                    (7, '캐논', NOW(), NOW()),
                                                                    (8, '니콘', NOW(), NOW()),
                                                                    (9, 'MSI', NOW(), NOW()),
                                                                    (10, 'ASUS', NOW(), NOW());


INSERT INTO `item` (`id`, `type_id`, `brand_id`, `name`, `image_url`, `price`, `created_at`, `updated_at`) VALUES
                                                                                                                (1, 1, 5, '레노버 노트북 모델1', 'https://i.postimg.cc/C1f7fpyp/image.avif', 1937000, NOW(), NOW()),
                                                                                                                (2, 1, 4, '소니 노트북 모델2', 'https://i.postimg.cc/C1f7fpyp/image.avif', 2299000, NOW(), NOW()),
                                                                                                                (3, 1, 4, '소니 노트북 모델3', 'https://i.postimg.cc/C1f7fpyp/image.avif', 800000, NOW(), NOW()),
                                                                                                                (4, 1, 3, '애플 노트북 모델4', 'https://i.postimg.cc/C1f7fpyp/image.avif', 1181000, NOW(), NOW()),
                                                                                                                (5, 1, 8, '니콘 노트북 모델5', 'https://i.postimg.cc/C1f7fpyp/image.avif', 1448000, NOW(), NOW()),
                                                                                                                (6, 1, 7, '캐논 노트북 모델6', 'https://i.postimg.cc/C1f7fpyp/image.avif', 2743000, NOW(), NOW()),
                                                                                                                (7, 1, 8, '니콘 노트북 모델7', 'https://i.postimg.cc/C1f7fpyp/image.avif', 2094000, NOW(), NOW()),
                                                                                                                (8, 1, 2, 'LG 노트북 모델8', 'https://i.postimg.cc/C1f7fpyp/image.avif', 1793000, NOW(), NOW()),
                                                                                                                (9, 1, 6, '샤오미 노트북 모델9', 'https://i.postimg.cc/C1f7fpyp/image.avif', 1588000, NOW(), NOW()),
                                                                                                                (10, 1, 8, '니콘 노트북 모델10', 'https://i.postimg.cc/C1f7fpyp/image.avif', 2132000, NOW(), NOW()),
                                                                                                                (11, 1, 8, '니콘 노트북 모델11', 'https://i.postimg.cc/C1f7fpyp/image.avif', 1214000, NOW(), NOW()),
                                                                                                                (12, 1, 3, '애플 노트북 모델12', 'https://i.postimg.cc/C1f7fpyp/image.avif', 2384000, NOW(), NOW()),
                                                                                                                (13, 1, 2, 'LG 노트북 모델13', 'https://i.postimg.cc/C1f7fpyp/image.avif', 1292000, NOW(), NOW()),
                                                                                                                (14, 1, 1, '삼성 노트북 모델14', 'https://i.postimg.cc/C1f7fpyp/image.avif', 2367000, NOW(), NOW()),
                                                                                                                (15, 1, 1, '삼성 노트북 모델15', 'https://i.postimg.cc/C1f7fpyp/image.avif', 1318000, NOW(), NOW()),
                                                                                                                (16, 1, 8, '니콘 노트북 모델16', 'https://i.postimg.cc/C1f7fpyp/image.avif',  2712000, NOW(), NOW()),
                                                                                                                (17, 1, 2, 'LG 노트북 모델17', 'https://i.postimg.cc/C1f7fpyp/image.avif',  1078000, NOW(), NOW()),
                                                                                                                (18, 1, 1, '삼성 노트북 모델18', 'https://i.postimg.cc/C1f7fpyp/image.avif',  2707000, NOW(), NOW()),
                                                                                                                (19, 1, 3, '애플 노트북 모델19', 'https://i.postimg.cc/C1f7fpyp/image.avif', 2446000, NOW(), NOW()),
                                                                                                                (20, 1, 4, '소니 노트북 모델20', 'https://i.postimg.cc/C1f7fpyp/image.avif', 2664000, NOW(), NOW()),
                                                                                                                (21, 1, 8, '니콘 노트북 모델21', 'https://i.postimg.cc/C1f7fpyp/image.avif', 2668000, NOW(), NOW()),
                                                                                                                (22, 1, 8, '니콘 노트북 모델22', 'https://i.postimg.cc/C1f7fpyp/image.avif', 2890000, NOW(), NOW()),
                                                                                                                (23, 1, 8, '니콘 노트북 모델23', 'https://i.postimg.cc/C1f7fpyp/image.avif', 2804000, NOW(), NOW()),
                                                                                                                (24, 1, 9, 'MSI 노트북 모델24', 'https://i.postimg.cc/C1f7fpyp/image.avif', 714000, NOW(), NOW()),
                                                                                                                (25, 1, 2, 'LG 노트북 모델25', 'https://i.postimg.cc/C1f7fpyp/image.avif', 1215000, NOW(), NOW()),
                                                                                                                (26, 1, 6, '샤오미 노트북 모델26', 'https://i.postimg.cc/C1f7fpyp/image.avif', 2944000, NOW(), NOW()),
                                                                                                                (27, 2, 10, 'ASUS 냉장고 모델1', 'https://i.postimg.cc/gjFDVtdX/image.jpg', 1706000, NOW(), NOW()),
                                                                                                                (28, 2, 8, '니콘 냉장고 모델2', 'https://i.postimg.cc/gjFDVtdX/image.jpg', 1482000, NOW(), NOW()),
                                                                                                                (29, 2, 6, '샤오미 냉장고 모델3', 'https://i.postimg.cc/gjFDVtdX/image.jpg', 1094000, NOW(), NOW()),
                                                                                                                (30, 2, 3, '애플 냉장고 모델4', 'https://i.postimg.cc/gjFDVtdX/image.jpg', 2202000, NOW(), NOW()),
                                                                                                                (31, 2, 7, '캐논 냉장고 모델5', 'https://i.postimg.cc/gjFDVtdX/image.jpg', 2469000, NOW(), NOW()),
                                                                                                                (32, 2, 7, '캐논 냉장고 모델6', 'https://i.postimg.cc/gjFDVtdX/image.jpg', 904000, NOW(), NOW()),
                                                                                                                (33, 2, 1, '삼성 냉장고 모델7', 'https://i.postimg.cc/gjFDVtdX/image.jpg', 1736000, NOW(), NOW()),
                                                                                                                (34, 2, 2, 'LG 냉장고 모델8', 'https://i.postimg.cc/gjFDVtdX/image.jpg', 1104000, NOW(), NOW()),
                                                                                                                (35, 2, 6, '샤오미 냉장고 모델9', 'https://i.postimg.cc/gjFDVtdX/image.jpg', 1949000, NOW(), NOW()),
                                                                                                                (36, 2, 9, 'MSI 냉장고 모델10', 'https://i.postimg.cc/gjFDVtdX/image.jpg', 2454000, NOW(), NOW()),
                                                                                                                (37, 2, 1, '삼성 냉장고 모델11', 'https://i.postimg.cc/gjFDVtdX/image.jpg', 1922000, NOW(), NOW()),
                                                                                                                (38, 2, 2, 'LG 냉장고 모델12', 'https://i.postimg.cc/gjFDVtdX/image.jpg', 2402000, NOW(), NOW()),
                                                                                                                (39, 2, 7, '캐논 냉장고 모델13', 'https://i.postimg.cc/gjFDVtdX/image.jpg', 1164000, NOW(), NOW()),
                                                                                                                (40, 2, 8, '니콘 냉장고 모델14', 'https://i.postimg.cc/gjFDVtdX/image.jpg', 2715000, NOW(), NOW()),
                                                                                                                (41, 2, 2, 'LG 냉장고 모델15', 'https://i.postimg.cc/gjFDVtdX/image.jpg', 2956000, NOW(), NOW()),
                                                                                                                (42, 2, 3, '애플 냉장고 모델16', 'https://i.postimg.cc/gjFDVtdX/image.jpg',  1834000, NOW(), NOW()),
                                                                                                                (43, 2, 4, '소니 냉장고 모델17', 'https://i.postimg.cc/gjFDVtdX/image.jpg', 1520000, NOW(), NOW()),
                                                                                                                (44, 2, 1, '삼성 냉장고 모델18', 'https://i.postimg.cc/gjFDVtdX/image.jpg', 1082000, NOW(), NOW()),
                                                                                                                (45, 2, 8, '니콘 냉장고 모델19', 'https://i.postimg.cc/gjFDVtdX/image.jpg', 603000, NOW(), NOW()),
                                                                                                                (46, 2, 6, '샤오미 냉장고 모델20', 'https://i.postimg.cc/gjFDVtdX/image.jpg', 1950000, NOW(), NOW()),
                                                                                                                (47, 2, 4, '소니 냉장고 모델21', 'https://i.postimg.cc/gjFDVtdX/image.jpg', 1163000, NOW(), NOW()),
                                                                                                                (48, 2, 6, '샤오미 냉장고 모델22', 'https://i.postimg.cc/gjFDVtdX/image.jpg', 1595000, NOW(), NOW()),
                                                                                                                (49, 2, 3, '애플 냉장고 모델23', 'https://i.postimg.cc/gjFDVtdX/image.jpg', 737000, NOW(), NOW()),
                                                                                                                (50, 2, 4, '소니 냉장고 모델24', 'https://i.postimg.cc/gjFDVtdX/image.jpg', 2031000, NOW(), NOW()),
                                                                                                                (51, 2, 9, 'MSI 냉장고 모델25', 'https://i.postimg.cc/gjFDVtdX/image.jpg', 1921000, NOW(), NOW()),
                                                                                                                (52, 2, 3, '애플 냉장고 모델26', 'https://i.postimg.cc/gjFDVtdX/image.jpg', 1102000, NOW(), NOW()),
                                                                                                                (53, 3, 4, '소니 스마트폰 모델1', 'https://i.postimg.cc/qqTshtX2/image.avif', 2886000, NOW(), NOW()),
                                                                                                                (54, 3, 4, '소니 스마트폰 모델2', 'https://i.postimg.cc/qqTshtX2/image.avif', 786000, NOW(), NOW()),
                                                                                                                (55, 3, 3, '애플 스마트폰 모델3', 'https://i.postimg.cc/qqTshtX2/image.avif', 1849000, NOW(), NOW()),
                                                                                                                (56, 3, 4, '소니 스마트폰 모델4', 'https://i.postimg.cc/qqTshtX2/image.avif', 2647000, NOW(), NOW()),
                                                                                                                (57, 3, 8, '니콘 스마트폰 모델5', 'https://i.postimg.cc/qqTshtX2/image.avif', 2947000, NOW(), NOW()),
                                                                                                                (58, 3, 8, '니콘 스마트폰 모델6', 'https://i.postimg.cc/qqTshtX2/image.avif', 2940000, NOW(), NOW()),
                                                                                                                (59, 3, 4, '소니 스마트폰 모델7', 'https://i.postimg.cc/qqTshtX2/image.avif', 1653000, NOW(), NOW()),
                                                                                                                (60, 3, 9, 'MSI 스마트폰 모델8', 'https://i.postimg.cc/qqTshtX2/image.avif', 1436000, NOW(), NOW()),
                                                                                                                (61, 3, 1, '삼성 스마트폰 모델9', 'https://i.postimg.cc/qqTshtX2/image.avif', 2220000, NOW(), NOW()),
                                                                                                                (62, 3, 6, '샤오미 스마트폰 모델10', 'https://i.postimg.cc/qqTshtX2/image.avif', 831000, NOW(), NOW()),
                                                                                                                (63, 3, 6, '샤오미 스마트폰 모델11', 'https://i.postimg.cc/qqTshtX2/image.avif', 893000, NOW(), NOW()),
                                                                                                                (64, 3, 4, '소니 스마트폰 모델12', 'https://i.postimg.cc/qqTshtX2/image.avif', 2473000, NOW(), NOW()),
                                                                                                                (65, 3, 3, '애플 스마트폰 모델13', 'https://i.postimg.cc/qqTshtX2/image.avif', 628000, NOW(), NOW()),
                                                                                                                (66, 3, 5, '레노버 스마트폰 모델14', 'https://i.postimg.cc/qqTshtX2/image.avif', 2220000, NOW(), NOW()),
                                                                                                                (67, 3, 9, 'MSI 스마트폰 모델15', 'https://i.postimg.cc/qqTshtX2/image.avif', 1863000, NOW(), NOW()),
                                                                                                                (68, 3, 6, '샤오미 스마트폰 모델16', 'https://i.postimg.cc/qqTshtX2/image.avif',  2816000, NOW(), NOW()),
                                                                                                                (69, 3, 4, '소니 스마트폰 모델17', 'https://i.postimg.cc/qqTshtX2/image.avif', 2143000, NOW(), NOW()),
                                                                                                                (70, 3, 3, '애플 스마트폰 모델18', 'https://i.postimg.cc/qqTshtX2/image.avif', 1218000, NOW(), NOW()),
                                                                                                                (71, 3, 5, '레노버 스마트폰 모델19', 'https://i.postimg.cc/qqTshtX2/image.avif', 1376000, NOW(), NOW()),
                                                                                                                (72, 3, 1, '삼성 스마트폰 모델20', 'https://i.postimg.cc/qqTshtX2/image.avif',  1744000, NOW(), NOW()),
                                                                                                                (73, 3, 2, 'LG 스마트폰 모델21', 'https://i.postimg.cc/qqTshtX2/image.avif',  1707000, NOW(), NOW()),
                                                                                                                (74, 3, 6, '샤오미 스마트폰 모델22', 'https://i.postimg.cc/qqTshtX2/image.avif', 2784000, NOW(), NOW()),
                                                                                                                (75, 3, 9, 'MSI 스마트폰 모델23', 'https://i.postimg.cc/qqTshtX2/image.avif', 2858000, NOW(), NOW()),
                                                                                                                (76, 3, 4, '소니 스마트폰 모델24', 'https://i.postimg.cc/qqTshtX2/image.avif', 632000, NOW(), NOW()),
                                                                                                                (77, 3, 3, '애플 스마트폰 모델25', 'https://i.postimg.cc/qqTshtX2/image.avif', 1436000, NOW(), NOW()),
                                                                                                                (78, 3, 3, '애플 스마트폰 모델26', 'https://i.postimg.cc/qqTshtX2/image.avif', 1503000, NOW(), NOW()),
                                                                                                                (79, 4, 4, '소니 태블릿 PC 모델1', 'https://i.postimg.cc/gjHvvYNQ/pc.jpg', 790000, NOW(), NOW()),
                                                                                                                (80, 4, 7, '캐논 태블릿 PC 모델2', 'https://i.postimg.cc/gjHvvYNQ/pc.jpg', 1916000, NOW(), NOW()),
                                                                                                                (81, 4, 10, 'ASUS 태블릿 PC 모델3', 'https://i.postimg.cc/gjHvvYNQ/pc.jpg', 1169000, NOW(), NOW()),
                                                                                                                (82, 4, 10, 'ASUS 태블릿 PC 모델4', 'https://i.postimg.cc/gjHvvYNQ/pc.jpg', 611000, NOW(), NOW()),
                                                                                                                (83, 4, 9, 'MSI 태블릿 PC 모델5', 'https://i.postimg.cc/gjHvvYNQ/pc.jpg', 1635000, NOW(), NOW()),
                                                                                                                (84, 4, 5, '레노버 태블릿 PC 모델6', 'https://i.postimg.cc/gjHvvYNQ/pc.jpg', 957000, NOW(), NOW()),
                                                                                                                (85, 4, 6, '샤오미 태블릿 PC 모델7', 'https://i.postimg.cc/gjHvvYNQ/pc.jpg', 1124000, NOW(), NOW()),
                                                                                                                (86, 4, 9, 'MSI 태블릿 PC 모델8', 'https://i.postimg.cc/gjHvvYNQ/pc.jpg', 658000, NOW(), NOW()),
                                                                                                                (87, 4, 10, 'ASUS 태블릿 PC 모델9', 'https://i.postimg.cc/gjHvvYNQ/pc.jpg', 2015000, NOW(), NOW()),
                                                                                                                (88, 4, 4, '소니 태블릿 PC 모델10', 'https://i.postimg.cc/gjHvvYNQ/pc.jpg', 2401000, NOW(), NOW()),
                                                                                                                (89, 4, 4, '소니 태블릿 PC 모델11', 'https://i.postimg.cc/gjHvvYNQ/pc.jpg', 875000, NOW(), NOW()),
                                                                                                                (90, 4, 7, '캐논 태블릿 PC 모델12', 'https://i.postimg.cc/gjHvvYNQ/pc.jpg', 2859000, NOW(), NOW()),
                                                                                                                (91, 4, 10, 'ASUS 태블릿 PC 모델13', 'https://i.postimg.cc/gjHvvYNQ/pc.jpg', 2438000, NOW(), NOW()),
                                                                                                                (92, 4, 7, '캐논 태블릿 PC 모델14', 'https://i.postimg.cc/gjHvvYNQ/pc.jpg', 834000, NOW(), NOW()),
                                                                                                                (93, 4, 10, 'ASUS 태블릿 PC 모델15', 'https://i.postimg.cc/gjHvvYNQ/pc.jpg', 2038000, NOW(), NOW()),
                                                                                                                (94, 4, 7, '캐논 태블릿 PC 모델16', 'https://i.postimg.cc/gjHvvYNQ/pc.jpg', 928000, NOW(), NOW()),
                                                                                                                (95, 4, 7, '캐논 태블릿 PC 모델17', 'https://i.postimg.cc/gjHvvYNQ/pc.jpg', 856000, NOW(), NOW()),
                                                                                                                (96, 4, 4, '소니 태블릿 PC 모델18', 'https://i.postimg.cc/gjHvvYNQ/pc.jpg', 2099000, NOW(), NOW()),
                                                                                                                (97, 4, 10, 'ASUS 태블릿 PC 모델19', 'https://i.postimg.cc/gjHvvYNQ/pc.jpg', 2589000, NOW(), NOW()),
                                                                                                                (98, 4, 3, '애플 태블릿 PC 모델20', 'https://i.postimg.cc/gjHvvYNQ/pc.jpg', 1705000, NOW(), NOW()),
                                                                                                                (99, 4, 5, '레노버 태블릿 PC 모델21', 'https://i.postimg.cc/gjHvvYNQ/pc.jpg', 688000, NOW(), NOW()),
                                                                                                                (100, 4, 4, '소니 태블릿 PC 모델22', 'https://i.postimg.cc/gjHvvYNQ/pc.jpg', 2161000, NOW(), NOW()),
                                                                                                                (101, 4, 9, 'MSI 태블릿 PC 모델23', 'https://i.postimg.cc/gjHvvYNQ/pc.jpg', 1671000, NOW(), NOW()),
                                                                                                                (102, 4, 3, '애플 태블릿 PC 모델24', 'https://i.postimg.cc/gjHvvYNQ/pc.jpg', 1196000, NOW(), NOW()),
                                                                                                                (103, 4, 5, '레노버 태블릿 PC 모델25', 'https://i.postimg.cc/gjHvvYNQ/pc.jpg', 1047000, NOW(), NOW()),
                                                                                                                (104, 4, 10, 'ASUS 태블릿 PC 모델26', 'https://i.postimg.cc/gjHvvYNQ/pc.jpg', 1420000, NOW(), NOW()),
                                                                                                                (105, 5, 4, '소니 카메라 모델1', 'https://i.postimg.cc/Ss8LxL8y/image.avif', 2089000, NOW(), NOW()),
                                                                                                                (106, 5, 7, '캐논 카메라 모델2', 'https://i.postimg.cc/Ss8LxL8y/image.avif', 1168000, NOW(), NOW()),
                                                                                                                (107, 5, 9, 'MSI 카메라 모델3', 'https://i.postimg.cc/Ss8LxL8y/image.avif', 1601000, NOW(), NOW()),
                                                                                                                (108, 5, 9, 'MSI 카메라 모델4', 'https://i.postimg.cc/Ss8LxL8y/image.avif', 2343000, NOW(), NOW()),
                                                                                                                (109, 5, 4, '소니 카메라 모델5', 'https://i.postimg.cc/Ss8LxL8y/image.avif', 1813000, NOW(), NOW()),
                                                                                                                (110, 5, 2, 'LG 카메라 모델6', 'https://i.postimg.cc/Ss8LxL8y/image.avif', 2042000, NOW(), NOW()),
                                                                                                                (111, 5, 3, '애플 카메라 모델7', 'https://i.postimg.cc/Ss8LxL8y/image.avif', 1318000, NOW(), NOW()),
                                                                                                                (112, 5, 5, '레노버 카메라 모델8', 'https://i.postimg.cc/Ss8LxL8y/image.avif', 2596000, NOW(), NOW()),
                                                                                                                (113, 5, 1, '삼성 카메라 모델9', 'https://i.postimg.cc/Ss8LxL8y/image.avif', 1973000, NOW(), NOW()),
                                                                                                                (114, 5, 10, 'ASUS 카메라 모델10', 'https://i.postimg.cc/Ss8LxL8y/image.avif', 2768000, NOW(), NOW()),
                                                                                                                (115, 5, 8, '니콘 카메라 모델11', 'https://i.postimg.cc/Ss8LxL8y/image.avif', 2064000, NOW(), NOW()),
                                                                                                                (116, 5, 8, '니콘 카메라 모델12', 'https://i.postimg.cc/Ss8LxL8y/image.avif', 1945000, NOW(), NOW()),
                                                                                                                (117, 5, 6, '샤오미 카메라 모델13', 'https://i.postimg.cc/Ss8LxL8y/image.avif', 2667000, NOW(), NOW()),
                                                                                                                (118, 5, 3, '애플 카메라 모델14', 'https://i.postimg.cc/Ss8LxL8y/image.avif', 1811000, NOW(), NOW()),
                                                                                                                (119, 5, 9, 'MSI 카메라 모델15', 'https://i.postimg.cc/Ss8LxL8y/image.avif', 2327000, NOW(), NOW()),
                                                                                                                (120, 5, 6, '샤오미 카메라 모델16', 'https://i.postimg.cc/Ss8LxL8y/image.avif', 1942000, NOW(), NOW()),
                                                                                                                (121, 5, 5, '레노버 카메라 모델17', 'https://i.postimg.cc/Ss8LxL8y/image.avif', 1339000, NOW(), NOW()),
                                                                                                                (122, 5, 6, '샤오미 카메라 모델18', 'https://i.postimg.cc/Ss8LxL8y/image.avif', 2670000, NOW(), NOW()),
                                                                                                                (123, 5, 9, 'MSI 카메라 모델19', 'https://i.postimg.cc/Ss8LxL8y/image.avif', 2063000, NOW(), NOW()),
                                                                                                                (124, 5, 8, '니콘 카메라 모델20', 'https://i.postimg.cc/Ss8LxL8y/image.avif', 792000, NOW(), NOW()),
                                                                                                                (125, 5, 6, '샤오미 카메라 모델21', 'https://i.postimg.cc/Ss8LxL8y/image.avif', 2467000, NOW(), NOW()),
                                                                                                                (126, 5, 5, '레노버 카메라 모델22', 'https://i.postimg.cc/Ss8LxL8y/image.avif', 2664000, NOW(), NOW()),
                                                                                                                (127, 5, 4, '소니 카메라 모델23', 'https://i.postimg.cc/Ss8LxL8y/image.avif', 2343000, NOW(), NOW()),
                                                                                                                (128, 5, 2, 'LG 카메라 모델24', 'https://i.postimg.cc/Ss8LxL8y/image.avif', 2592000, NOW(), NOW()),
                                                                                                                (129, 5, 4, '소니 카메라 모델25', 'https://i.postimg.cc/Ss8LxL8y/image.avif', 1163000, NOW(), NOW()),
                                                                                                                (130, 5, 6, '샤오미 카메라 모델26', 'https://i.postimg.cc/Ss8LxL8y/image.avif', 1234000, NOW(), NOW());

INSERT INTO `item_stock` (`item_id`, `quantity`, `reserved_quantity`, `sold_quantity`) VALUES
                                                                                                                       (1, 200, 0, 0),
                                                                                                                       (2, 200, 0, 0),
                                                                                                                       (3, 200, 0, 0),
                                                                                                                       (4, 200, 0, 0),
                                                                                                                       (5, 200, 0, 0),
                                                                                                                       (6, 200, 0, 0),
                                                                                                                       (7, 200, 0, 0),
                                                                                                                       (8, 200, 0, 0),
                                                                                                                       (9, 200, 0, 0),
                                                                                                                       (10, 200, 0, 0),
                                                                                                                       (11, 200, 0, 0),
                                                                                                                       (12, 200, 0, 0),
                                                                                                                       (13, 200, 0, 0),
                                                                                                                       (14, 200, 0, 0),
                                                                                                                       (15, 200, 0, 0),
                                                                                                                       (16, 200, 0, 0),
                                                                                                                       (17, 200, 0, 0),
                                                                                                                       (18, 200, 0, 0),
                                                                                                                       (19, 200, 0, 0),
                                                                                                                       (20, 200, 0, 0),
                                                                                                                       (21, 200, 0, 0),
                                                                                                                       (22, 200, 0, 0),
                                                                                                                       (23, 200, 0, 0),
                                                                                                                       (24, 200, 0, 0),
                                                                                                                       (25, 200, 0, 0),
                                                                                                                       (26, 200, 0, 0),
                                                                                                                       (27, 200, 0, 0),
                                                                                                                       (28, 200, 0, 0),
                                                                                                                       (29, 200, 0, 0),
                                                                                                                       (30, 200, 0, 0),
                                                                                                                       (31, 200, 0, 0),
                                                                                                                       (32, 200, 0, 0),
                                                                                                                       (33, 200, 0, 0),
                                                                                                                       (34, 200, 0, 0),
                                                                                                                       (35, 200, 0, 0),
                                                                                                                       (36, 200, 0, 0),
                                                                                                                       (37, 200, 0, 0),
                                                                                                                       (38, 200, 0, 0),
                                                                                                                       (39, 200, 0, 0),
                                                                                                                       (40, 200, 0, 0),
                                                                                                                       (41, 200, 0, 0),
                                                                                                                       (42, 200, 0, 0),
                                                                                                                       (43, 200, 0, 0),
                                                                                                                       (44, 200, 0, 0),
                                                                                                                       (45, 200, 0, 0),
                                                                                                                       (46, 200, 0, 0),
                                                                                                                       (47, 200, 0, 0),
                                                                                                                       (48, 200, 0, 0),
                                                                                                                       (49, 200, 0, 0),
                                                                                                                       (50, 200, 0, 0),
                                                                                                                       (51, 200, 0, 0),
                                                                                                                       (52, 200, 0, 0),
                                                                                                                       (53, 200, 0, 0),
                                                                                                                       (54, 200, 0, 0),
                                                                                                                       (55, 200, 0, 0),
                                                                                                                       (56, 200, 0, 0),
                                                                                                                       (57, 200, 0, 0),
                                                                                                                       (58, 200, 0, 0),
                                                                                                                       (59, 200, 0, 0),
                                                                                                                       (60, 200, 0, 0),
                                                                                                                       (61, 200, 0, 0),
                                                                                                                       (62, 200, 0, 0),
                                                                                                                       (63, 200, 0, 0),
                                                                                                                       (64, 200, 0, 0),
                                                                                                                       (65, 200, 0, 0),
                                                                                                                       (66, 200, 0, 0),
                                                                                                                       (67, 200, 0, 0),
                                                                                                                       (68, 200, 0, 0),
                                                                                                                       (69, 200, 0, 0),
                                                                                                                       (70, 200, 0, 0),
                                                                                                                       (71, 200, 0, 0),
                                                                                                                       (72, 200, 0, 0),
                                                                                                                       (73, 200, 0, 0),
                                                                                                                       (74, 200, 0, 0),
                                                                                                                       (75, 200, 0, 0),
                                                                                                                       (76, 200, 0, 0),
                                                                                                                       (77, 200, 0, 0),
                                                                                                                       (78, 200, 0, 0),
                                                                                                                       (79, 200, 0, 0),
                                                                                                                       (80, 200, 0, 0),
                                                                                                                       (81, 200, 0, 0),
                                                                                                                       (82, 200, 0, 0),
                                                                                                                       (83, 200, 0, 0),
                                                                                                                       (84, 200, 0, 0),
                                                                                                                       (85, 200, 0, 0),
                                                                                                                       (86, 200, 0, 0),
                                                                                                                       (87, 200, 0, 0),
                                                                                                                       (88, 200, 0, 0),
                                                                                                                       (89, 200, 0, 0),
                                                                                                                       (90, 200, 0, 0),
                                                                                                                       (91, 200, 0, 0),
                                                                                                                       (92, 200, 0, 0),
                                                                                                                       (93, 200, 0, 0),
                                                                                                                       (94, 200, 0, 0),
                                                                                                                       (95, 200, 0, 0),
                                                                                                                       (96, 200, 0, 0),
                                                                                                                       (97, 200, 0, 0),
                                                                                                                       (98, 200, 0, 0),
                                                                                                                       (99, 200, 0, 0),
                                                                                                                       (100, 200, 0, 0),
                                                                                                                       (101, 200, 0, 0),
                                                                                                                       (102, 200, 0, 0),
                                                                                                                       (103, 200, 0, 0),
                                                                                                                       (104, 200, 0, 0),
                                                                                                                       (105, 200, 0, 0),
                                                                                                                       (106, 200, 0, 0),
                                                                                                                       (107, 200, 0, 0),
                                                                                                                       (108, 200, 0, 0),
                                                                                                                       (109, 200, 0, 0),
                                                                                                                       (110, 200, 0, 0),
                                                                                                                       (111, 200, 0, 0),
                                                                                                                       (112, 200, 0, 0),
                                                                                                                       (113, 200, 0, 0),
                                                                                                                       (114, 200, 0, 0),
                                                                                                                       (115, 200, 0, 0),
                                                                                                                       (116, 200, 0, 0),
                                                                                                                       (117, 200, 0, 0),
                                                                                                                       (118, 200, 0, 0),
                                                                                                                       (119, 200, 0, 0),
                                                                                                                       (120, 200, 0, 0),
                                                                                                                       (121, 200, 0, 0),
                                                                                                                       (122, 200, 0, 0),
                                                                                                                       (123, 200, 0, 0),
                                                                                                                       (124, 200, 0, 0),
                                                                                                                       (125, 200, 0, 0),
                                                                                                                       (126, 200, 0, 0),
                                                                                                                       (127, 200, 0, 0),
                                                                                                                       (128, 200, 0, 0),
                                                                                                                       (129, 200, 0, 0),
                                                                                                                       (130, 200, 0, 0);